snp	18489	18499	18505	18508	18511	18517	18520	18855	18858	18870	18907	18912	19093	19108	19127	19159	19190	19193	19209
chr1_3097471	0	2	2	1	2	2	1	0.911000013351	2	1	1	1	1	2	2	2	2	1.9990000258	1
chr1_23375891	0	0	0	0	0	0	2	0.0509999990463	1	1	1	1	0	1	2	1.00600001775	0	1	0
chr1_23382706	0	0	0	0	0	0	1	0.00700000021607	0	0	1	0	0	1	1	0	0	0	0
chr1_23418485	1	0	0	0	0	1	1	1	2	0	1	0	1	0	0	0	1	0	1
chr1_26020949	0	0	1	1	0	0	0	0	0	0	0.931999981403	1	0	0	1	0.96899998188	0	0	1
chr1_31809300	1	0	0	1	1	1	0	0	1	0	0.175000004005	1	0	0	1.74199995399	1	0	1	1
chr1_35580731	0	0	0	1	0	0	0	0	0	0	1	1	0	0	1	0	0	0	1
chr1_40156361	0	0	1	1	0	0	0	1.00399999227	0	0	0	1	0	0	0	0.115000002086	0	0	0
chr1_42023821	0	0	0	0	0	1	0	0	0	0	0	0	0	0	1	1	0	1	1
chr1_53147346	2	1	1	1	2	1	1	2	2	0	1	1	1	0	1	0	0	2	1
chr1_53201537	0	0	0	0	0	0	0	0	0	0	1	1	0	1	1	0	0	1	0
chr1_68021572	0	0	0	0	0	0	1	0.996999979019	0	0	1.96700001508	0	0	0	0	0	0	0	1
chr1_71022431	0	0	0	0	0	1	0	0	1	0	1.43799996376	1	1	1	0	0.00200000009499	1	2	0
chr1_74253688	0	0	0	0	0	1	0	0.344000011683	1	0	0	0	0	1	0.0340000018477	0	0	0.980000019073	0
chr1_75087161	0	0	1	1	1	0	0	0	0	0	0	1	0	0	0	0	0	0	0
chr1_78308394	0	0	0	0	0	0	1	1	0	0	0.00300000002608	0	1	0	0	1	0	0	0
chr1_91920662	0	1	0	0	0	0	1	0	0	0	2	1	1	0	0	0	0	0	0
chr1_94164087	0	2	1	0	0	0	1	0	1	0	0.493999987841	0	1	0	2	0	1	0	2
chr1_109451886	0	0	0	0	0	0	1	0	0	0	0	1	0	0	1	1	1	0	0
chr1_109731297	0	0	1	0	0	0	0	0	1	2	0	0	0.971000015736	0	0	0	1	0	1
chr1_111414623	1	0	0	0	0	0	0	0.96899998188	1	0	0.0289999991655	0	1	0	0.0120000001043	0.0640000030398	0	0	0
chr1_117196405	0	0	0	1	1	1	0	0.00600000005215	0	1	0.864000022411	0	1	1	0.451999992132	2	0	1.19599997997	1
chr1_119475796	2	1	2	2	1	1	2	1.99299994204	2	2	1	1	2	2	1	0.816999971867	2	2	2
chr1_145878094	0	0	0	0.961000025272	1	1	1	0.00600000005215	1	0	0.00499999988824	0	0	0	1	0	0	0.204999998212	0
chr1_153323131	0	1	2	0	0	1	2	1	1	0	0	1	1	0	0	1	0	1	1
chr1_153355633	1	0.981000006199	2	2	0	1	1	0.781999997329	1	1	1.62800002098	1	1.89000003785	0	0.0010000000475	0.143999993801	1	1.64499998093	1
chr1_156911057	0	0	0	0	1	1	1	0	0	0	0	1	0	0	0	1.00299997907	1	0	0
chr1_158213339	0	0	0	0	0	0	0	0	1	1	0	0	0	0	0	1	0	1	1
chr1_160187538	0	0	0	1	0	1	1	0.00200000009499	1	1	1.01700000465	0	0	1	0.998000025749	0.778000026941	1	0	1.00200002594
chr1_166934908	0	1	0	0	2	1	0	1	0	1	0.00700000021607	0	1	1	0	0	1	1	0
chr1_173244702	1	0	0	0	0	0	1	0	1	0	0	0	1	0	0	0	0	1	0
chr1_179341565	1	1	1	2	1	1	0	1.67900002003	0	1	1.06100001186	2	0	1	1	1	0	0.893000006676	0
chr1_179613800	0	1	0	0	0	1	0	0	0	0	0	1	0	0	1	1	1	0	0
chr1_184060341	0	1	0	0	0	1	0	0	0	0	0	1	0	0	0	0	0	1	0
chr1_186807053	1	1	0	0	1	1	1	0	0	1	0.00200000009499	0	0	0	2	1.00200002594	1	0	2
chr1_197940669	1	0	1	1	1	1	1	0	1	0	0.00400000018999	1	0	1	2	0.00999999977648	0	0	1
chr1_200627022	2	2	1	1	2	1	2	2	2	1	2	2	2	2	2	2	2	2	2
chr1_201097156	2	2	2	2	2	1	2	1	2	2	1.00299997907	1	2	2	1	1	1	0.990000009537	1
chr1_204172704	0	1	0	0	0	1	0	0	0	0	0	1	0	1	0	0	1	0	1
chr1_205184184	1	0	0	1	1	0	0	0	0	1	0	0	0	0	0	0	1	0	0
chr1_205187980	2	1	1	2	1	0	2	1	0	1	1	0	2	1	0	0	1	1	1
chr1_205941231	1	2	2	0	0	0	0	0	0	1	0.978999990039	1	1	0	0.702000021935	0	0	0	1
chr1_231200663	0	0	0	0	0	1	1	0	0	1	0	0	1	0	0.76599997282	0	0	0	0
chr1_233266056	0	0	0	0	0	0	0	1	1	1	1.99500000942	0	0	0	0	0	0	0	0
chr1_237897351	0	0	0	2	0	1	0	0	0	0	0	0	0	0	0	0	0	1	0
chr1_247897798	2	2	2	2	1	1	2	2	2	1	2	2	2	2	1	0.999000012875	1	2	2
chr10_8085832	1	0	0	1	0	0	0	0	0	1	1	0	0	0	0	0	0	0	0
chr10_12025493	0	1	1	0	0	0	0.00499999988824	0	0	0	0	1	0	1	0	0	0.992999970913	0	0
chr10_12116782	2	1	2	2	2	2	0	1	2	1	2	2	1	2	0	1	1	2	2
chr10_22706520	2	2	2	2	2	1	2	2	1	2	1.99800005159	2	2	1	2	2	1	1	2
chr10_25168451	0	0	0	1	1	0	0	0	0	0	0	0	0	0	1	0.963999986649	1	0	0
chr10_27792359	0	2	0	0	0	0	1	0	1	0	0.182999998331	0	0	0	0.0140000004321	1	0	0	0
chr10_43373649	2	1	1	2	1	1	1	2	1	1	0.973999988288	1	1	2	1	2	1	2	1
chr10_44892108	1	2	0	1	2	1	0	1.95700003579	2	1	1	2	2	1	2	1	1	2	2
chr10_63511248	0	0	0	0	0	1	1	0	1	0	0	0	0	0	0	0	1	0	0
chr10_72113587	0	1	0	0	1	2	2	1	2	1	1.98900004476	1	1	1	2	2	1	0	0
chr10_73350623	0	0	0	0	1	1	0	0	0	0	0	0	0	0	1	2	0	1	1
chr10_87096385	0	0	0	1	1	0	0	0	0	0	0	0	1	0	0	0	0	2	1
chr10_87679776	2	1	2	0	1	1	2	0	0	1	1	1	1	0	0	0	1	0.992999970913	1
chr10_90844382	1	2	1	2	0	1	1	0	1	1	0.00400000018999	2	0	0	2	2	2	0	2
chr10_92332767	0	0	0	1	0	0	0	0	0	0	0	0	1	1	0	0	1	0.345999985933	0
chr10_93576825	0	1	0	0	0	1	1	0	2	0	0.0949999988079	0	1	1	0.830999970436	0.00200000009499	1	0.01600000076	1
chr10_97876283	0	0	1	0	0	0	0	0	0	0	1	0	0	0	0	0	0	2	0
chr10_107136573	1	0	1	0	1	2	2	1	1	2	0	2	1	0	0	0	0	2	0
chr10_132904487	0	0	1	0	0	0	0	0.528999984264	0	1	0.00499999988824	0	0	2	0	0.00200000009499	0.749000012875	0	0
chr11_3791494	0	0	1	0	1	0	0	0	0	1	0	2	0	1	0	0	0	1	0
chr11_5487409	2	2	2	1	2	2	2	1	2	2	2	1	2	2	2	2	1	2	2
chr11_7253566	1	0	0	2	0	1	0	1	1	0	1	1	0	1	0	1	2	2	1
chr11_18251799	1	2	1	2	2	0	1	0.972000028705	2	1	1	0	1	2	0	0	2	1.44499999285	2
chr11_18410643	0	0	0	1	0	0	0	0	0	1	0	0	1	2	0	0	0	0	0
chr11_30025965	2	2	2	2	0	1	2	1.01100002229	1	1	2	1	2	1	1	1	1	1	1
chr11_64218156	2	0	0	0	0	1	0	0	0	0	0	0	0	1	2	0	2	1	1
chr11_67690033	2	1	1	2	2	0	2	1.91799996793	1	2	1.98900004476	2	1.86999998987	2	2	2	1	2	1
chr11_69751749	0	0.0579999983311	1	0	1	1	0	0.0680000036955	0	0	1	0	0	1	0.00200000009499	0.00800000037998	0	0.0780000016093	0.00899999961257
chr11_83207203	0	0	0	0	0	0	1	0	0	0	0.996999979019	2	1	0	0	0	0	0	0
chr11_93830792	0	0	0	1	1	1	1	0	0	0	0	0	0	0	0	0	2	0	0
chr11_98971590	0	2	1	1	1	1	2	1.00500000454	1	2	2	1	2	2	1	0.945999979973	1	1.99599998398	1
chr11_102795826	0	0	0	1	0.99400001764299994	1	0	0	1	2	0.998999970965	0	1	1	1.06099997461	1.81400002539	2	1.99800005159	0
chr11_104148787	0	0	1	1	1	1	1	1	1	1	0	1	2	0	0	2	0	0	0
chr11_107676727	0	1	0	0	1	2	1	1	0	0	1	0	0	2	1	0	1	0	1
chr11_116831182	1	1	1	1	1	2	0	1	2	1	0.991999983788	1	1	2	1	0.998000025749	1	0	1
chr11_118562137	0	0	0	0	0	1	0	0	0	1	0	1	0	1	0	1	1	1	0
chr11_124710450	0	0	0	0	0	2	0	0	1	0	2	0	0	1	1	0.0149999996647	0	0	0
chr11_124732624	0	1	0	0	0	2	0	0	1	0	2	0	0	0	1	0.0289999991655	1	0.929999973392	0
chr11_126174261	0	0	1	1	0	0	2	0	0	0	1	0	1	1	1	1.01000000909	0	0	0
chr11_128570622	1	1	2	1	1	0	1	2	1	1	1	2	0	2	0	0	0	0.00899999961257	1
chr11_130485969	0	0	0	1	1	1	1	0.00300000002608	0	0.0410000011325	0	0	1	0	0.537000000477	0.00999999977648	0	1.0569999814	0
chr12_1483556	0	0	0	1	1	0	0	0	0	0	0	2	0	1	0	0	0	0	1
chr12_1780755	2	2	2	2	2	2	1	1	2	2	2	1	2	2	2	1.9990000258	2	0	1
chr12_6879989	0	0	0	0	0	0	1	0	0	2	0.995000004768	0	0	0	0.155000001192	0.820999979973	0	0	0
chr12_8535301	0	0	2	0	1	1	0	0	0	1	0	0	0	0	0	0	1	1.61599999666	1
chr12_10019740	0	1	0	0	0	0	0	1	1	2	0.0860000029206	1	1	1	1.34900003672	1	1	0.105999998748	1
chr12_11309341	0	1	2	2	2	1	1	1	2	0	2	1	2	0	1	1	0	1.00299997907	1
chr12_14970137	2	1	2	2	2	2	1.9800000377	2	1	2	1.88400000334	1	2	1	2	2	2	2	2
chr12_21141123	0	0	0	1	1	1	0	0.939999997616	0	0	0	0	0	0	0	0	1	0	0
chr12_25665390	1	1	0	1	1	1	0	0	1	0	0	2	0	1	1	1	2	1	2
chr12_27806128	1	0.996999979019	0	1	1	0	0	0.00300000002608	0.0209999997169	0	0.00499999988824	0	0	0	0	0	0	0.0529999993742	0
chr12_49951517	0.991999983788	0	0	1	0	0	0	0	0	0	0	1	0	0	0	0	2	1.99500000942	0
chr12_52250371	0	0	1	0	0	0	1	0.035000000149	0	1	0.0010000000475	0	0	0	0	0.663000022992	0	0.726000010967	1
chr12_55718303	0	0	0	0	0	1	1	0	1	0	0	0	0	0	0.0120000001043	0.00200000009499	1	0.138999998569	0
chr12_57770672	0	0	0	0	0	0	0	0	0	0	0	0	0.966000020504	1	0	1	1	0	0
chr12_77361379	0	0	1	1	0	1	0	0	0	0	1	0	0	0	0	0	1	0	1
chr12_85835910	0	0	1	0	0	1	1	0	0	1	0	0	1	0	0	0	0	0	0
chr12_94693712	0	2	1	0	1	0	1	0.0010000000475	1	0	0	1	0	1	1.97799997032	0.67199999094	1	0.215000003576	0
chr12_100402016	0	1	2	1	0	0	0	2	1	1	1.11299999058	2	1	0	0	1	1	1	1
chr12_100491329	2	2	2	1	1	1	0	2	2	2	1	2	2	1.00899999589	2	1	2	0.998000025749	2
chr12_100687416	2	1	2	1	0	1	1	2	1	1	2	2	2	1	0	1	2	1.19299998879	2
chr12_102916937	0	2	0	0	1	1	0	1.99400003534	1	0	1.95999995619	1	1	1	1	0	2	0	0
chr12_103974838	0	0	0	0	0	0	0	0	0	0	0.991999983788	1	0	1	0	2	0	0	0
chr12_109505215	2	1	0	0	1	1	0	1	1	2	0.00200000009499	0	1	1	0	0	0	1	2
chr12_122246899	2	2	2	1	2	2	1	2	1	1	1.90600003302	2	2	2	2	2	2	2	2
chr12_122797985	2	1	2	2	0	1	2	1	1	2	2	0	2	1	1	0	1	0	2
chr12_130911135	1	0	0	0	0	1	0	0	0.00800000037998	0	0.00700000021607	0	1	0	0	0	1	0.995000004768	0
chr13_20207371	0.0320000015199	2	0.991999983788	1	0	0	0	1	0	0	0	0	0	1	0	0.940999984741	0	0	0
chr13_20232306	0.140000007581	2	0	0	0	0	0	0	0	0	0	0	0	0	0.0810000002384	0	1	1	0
chr13_20499661	2	1	2	0	1	1	1	0	1	1	2	2	1	1	2	1	0	1	1
chr13_31710034	1	0	0	0	0	1	2	1	0	0	0.785999979591	0	0	0	0	0.578000018373	0	0	0
chr13_33303255	2	2	1	1	2	2	2	2	1	2	2	1	2	2	2	2	0.996999979019	2	2
chr13_36472053	2	2	0	1	2	1	1	1	1	1	2	2	0	2	0	0	2	1	1
chr13_39611008	0	1	1	0	0	0	0	0	1	0	1	0	0	0	0.0010000000475	0	0	1	2
chr13_41414565	1	1	2	1	2	2	1	1.8030000478	1	1	0.998000025749	1	1.99400003534	2	0.998000025749	1	1	0.976999998093	2
chr13_95254969	2	1	2	2	1	0	1	2	2	1	2	2	2	1	2	2	1	2	2
chr13_97040300	2	2	2	1	1	2	2	1	0	2	1	2	2	1	1	2	1	2	2
chr13_99434841	0	0	0	1	0.00600000005215	0	0	0.16099999845	0	1	0.019999999553	0	1	0	0	0.996999979019	0	0.00200000009499	0
chr13_113564339	0	0	0	0	0	0	1	0.00700000021607	0	0	0	0	0	1	0.00300000002608	0	1	0	1
chr14_21068716	0	0	1	0	1	0	0	0.0390000008047	0	1	0.703999988735	0	1	0	0.488000005484	0.00400000018999	0	0	1
chr14_22843345	0	0	1	0	1	2	2	0.245000004768	0	0	0.00400000018999	1	1	0	0.995000004768	1.90100004524	1	0	0.918999999762
chr14_22868203	0.0219999998808	0	1	0	1	1	0	0	0	0	0	0	1	0	1	0.507000029087	1	1	0.00200000009499
chr14_23334142	1	0	0	0	0	0	1	0	0	1	1	0	0	0	0.00999999977648	0	0	0	1
chr14_23337997	0	0	0	0	1	1	0	0	1	0	0	2	1	0	0.981000006199	0	0	0	1
chr14_23987192	1	0	0	0	0	1	0	0	1	0	0.0120000001043	0	0	0	0.00400000018999	0.00499999988824	0	0.0010000000475	1
chr14_24428000	0	0.535000026226	0	0	0	1	0	0.755999993533	0	0	0	0	1	1	0	0	0	1	1
chr14_44944764	0	1	0	0	2	1	1	0	1	1	0	0	0	0	0	1	0	0	1
chr14_55137590	0	0	1	1	2	0	0	0	0	0	0	0	1	0	0	0	0	0	0
chr14_77387525	1	1	1	0	0	0	0	0	0	1	0	0	0	1	0	0	0	0	0
chr14_88592151	1	0	0	0	1	1	1	0	0	0	1	1	1	0	0	0	0	2	1
chr14_90245359	1	1	2	2	0	1	2	2	1	1	1.05100001395	1	1	2	0	1	1	2	1
chr14_99565919	1	2	2	2	2	1	2	2	1	1	0	2	1	2	2	1	2	2	1
chr14_99660079	0	0	0	0	1	1	0	0.0610000006855	1	1	0.997999995947	2	0	2	0	0	1	1	0
chr14_103523244	1	1	0	1	1	1	1	1	0	0	0.0109999999404	1	0	0	1	0.996999979019	0	1	1
chr14_104073748	0	0	0	0	0	0	0	0	0	0	2	0	0	0	0	0.976000010967	0	0.976000010967	0
chr14_104948953	0.996999979019	0	0	1	1	0	0	0	0	1	0.800999999046	0	0	0	0	0	0	0	0
chr14_105214432	2	1	1	1	2	1	2	2	2	2	2	2	2	1	2	2	2	2	2
chr15_32765365	0	0	0	0	0	0	0	0.714999973774	0	0	0	0	1	0	2	1	1	1	0
chr15_34748373	0	1	2	2	2	0.875	2	2	1	2	1.99000001885	1	2	1	1.99699995806	1.99299994204	1	1	1.89499995857
chr15_41541010	2	2	2	1	1	2	2	2	1	1	2	2	2	2	2	1	2	0.0680000036955	2
chr15_43844735	2	2	2	0	2	1	2	1	1	2	0	2	2	1	2	1	2	1	1
chr15_71087364	2	1	1	0.680000007153	0	1	1	1	0	1	0	1	0	0	1	0	1	0	0
chr15_74827006	0	1	0	0	0	1	0	0	1	0	0	0	0	1	0	0	0	0	0
chr15_75693052	0.995000004768	0.0260000005364	1	1	0	0	1	0	0	0	0.277000010014	1	0	1	1.09999997914	0	0.0670000016689	0.50800000038	0
chr15_99083072	0	0	0	1	0	0	0	0	1	0	0	0	0	1	0	0	1	0	0
chr16_11668175	0	0	0	1	0	0.00200000009499	1	0	0	0	0.0209999997169	0	1	0	1	0.00300000002608	0	0	0
chr16_17435312	1	1	0	0	0	2	0	0	0	0	0	1	0	0	1.05200001597	0	0	0	1
chr16_19245744	0	1	0	0	1	1	0	0	0	1	0.582999996841	1	0	1	0.0130000002682	0.0109999999404	0	0	0
chr16_20404169	2	0	1	0	1	1	0	1.31700003147	1	0	0.0289999991655	0	0	0	0	0.01600000076	0	0.0320000015199	1
chr16_20675593	1.05600000918	0	1	0	1	0	1	0.995999991894	0	1	0	0	0	0	0	0	0	1	1.97500004806
chr16_30405661	1	0	0	0	0.00300000002608	1	0	1	0	0	0	0	0	0	0	0	1	1	0
chr16_48150405	0	1	0	0	2	0	0	0	1	0	0	0	0	0	0	0	0	0	0
chr16_69294642	0	1	0	0	0	0	0	0	0	0	0	1	0	0	0	1	1	0	0
chr16_71561119	0	0	0	0	0	0	0	0	1	1	0	0	0	1	1	0	0	0	0
chr16_71601747	0	2	1	1	0	0	1	1	0	1	1	0	0	0	0	1	0	1	1
chr16_72101115	2	1	2	2	2	1	2	2	1	2	2	2	2	2	2	2	0	2	2
chr16_74736807	0	1	0	0	0	0	1	1.00100001297	0	0	0	0	0	0	0.472000002861	0	1	1	1
chr16_74805232	0	0	0	1	0	1	1	0	1	0	0.0879999995232	0	0	0	1.97200000659	0	0	1	0
chr16_88703142	2	1	0	1	2	2	1	2	1	1	1.82000000775	0	1.93400003016	1	1	0.592999994755	0	0.0270000007004	1
chr17_4691673	2	2	1	2	2	2	2	2	2	2	2	1	2	1	2	1	2	2	2
chr17_4722466	2	1	1	1	0	1	1	0.934000015259	1	0	0	0	0	0	0	0.00200000009499	0	0	1
chr17_4756741	0	0	1.27599996328	0	0	0	0	1.48699998856	1	0	0.898999989033	1	1	1	0.684000015259	0.422000005841	0	0.25	1
chr17_6475913	1	0	0	0	0	0	0	0	0	1	1	1	1	1	1	0.998000025749	1	1	1
chr17_7659853	0	0	0	1	0	0.287999987602	1	1	0	0	0.662000000477	0	0	0	0	0.999000012875	1	0	0
chr17_8320007	2	0	0	0	1	0	0	1.00100001297	0	0	0	1	0	0	2	1	0	1	1
chr17_16603008	1	0	2	1.99199996796	1	0	1	0	1	1	1	2	1	0	2	1	1	2	1
chr17_35345706	0	0	0	0	0	0	1	1	0	0	0.00400000018999	1	1	0	1	0.527999997139	0	0	2
chr17_41769255	0.864000022411	1	0	0	1.49800002575	0	0	0	0	0	0.00800000037998	0.00200000009499	0	0	1	0	1	0.0450000017881	0
chr17_46815855	1	0.99400001764299994	0.00999999977648	0	1	0.00600000005215	1	1	2	0	0.848000019789	2	0	0	0	0.293999999762	0.481999993324	0	0
chr17_47864249	0	0	1	1	0	0	0	0	0	0	0	0	0	0	1	0	1	0	0
chr17_47949736	0	0	0	1	0	0	1	0	1	0	0	0	0	0	0	0	0	0	1
chr17_50092717	0	0	0	0	0	0	0	0.0439999997616	1	2	0.29699999094	1	0	2	0.0670000016689	1	1	1	0
chr17_50534020	1	0	0	2	0	0	0	0.0390000008047	0	0	1.01499998197	0	1	0	0	0	1	0.933000028133	0
chr17_74953906	0	1	0	0	0	0	0	0	1	1	0	0	0	0	0	0	0	0	1
chr17_75106437	0	1	0	0	0	0	0	1	0	0	0.00400000018999	1	0	0	0	0.00300000002608	1	0	0
chr17_75590246	0	0	1	0	0	1	1	0.00899999961257	0	1	1.01400000229	1	1	1	0.0729999989271	0	1	1	1
chr17_82652058	2	2	2	1	2	2	2	2	2	2	1.4809999764	2	2	0	2	1.02400001138	2	2	2
chr17_82653236	1.83099994063	0	1	1	0	0	1	1	0.0189999993891	1	0.838999986649	0	2	1	1	1.95200004429	1	2	1
chr18_596953	0	0	0	1	0	0	1	0	1	0	0	0	1	0	0	0	0	0	0
chr18_22420592	0.999000012875	1	0	0	0	1	1	0.0309999994934	0.00200000009499	1	0	0	0	0	0	0.0469999983907	0	0.465999990702	0.52999997139
chr18_68744176	0	0	0	0	0	0	0	0	0	0	1.99699995806	0	0	1	1	0	0	0	0
chr19_652700	0	0	0	1	0.716000012588	2	0	0.0219999998808	0	0	0.258000004105	0.999000012875	0	0	0.00300000002608	1	0	0.0120000001043	0
chr19_870425	0	0	0	0	0	0	0	0	0	0	0	0	1	0	0	0.864000022411	1	0	1
chr19_1374430	0	0	1	1	0.00200000009499	1	1	0.99400001764299994	1	1	0	1	1.00500000454	2	0.00400000018999	0	1	0	0
chr19_1519955	0	1	0	0	0.104999996722	0	0	0.00200000009499	0	0	0.105999998748	0.945999979973	1	0	0	1.41200000048	0	0.331000000238	0
chr19_1724034	1	2	2	2	2	1	2	1.98699997738	0	2	2	2	2	2	1.96200002357	2	2	2	2
chr19_2453452	1	0.98400002718	1	2	1	1	1	2	1	1	2	1	1	2	1	1	2	1	1
chr19_4502608	0	0	0	0	0	1	1	1	0	0	0.0289999991655	0	0	0	0	1	0	0	0
chr19_6456313	1	0	1	1	0	0	0	0	0	1	0.572000026703	0	0	1	0	0.746999979019	0	1	0
chr19_10524108	0	0	0	0	0	0	0	0	0	0	0	1	0	0	2	0.363000005484	0	0	1
chr19_13117881	0	2	2	0	1	0	1	0	0	1	0.263000011444	1	0	0	2	0	0.0120000001043	1	0.998000025749
chr19_16095202	0	1	0	1	0	0	0	0	0	0	0	0	0	0	1	0.0010000000475	1	1.99800005159	0
chr19_17236900	1	2	0	0	0	0	0	0	0	0	0.497000008821	0	1	1	1	0.00300000002608	0	0	0
chr19_17286133	1	0	1	1	0	1	1	0	1	1	0.684000015259	1	1	2	0	2	0	2	2
chr19_19361292	0	0	0	0	0	1	0	0	1	1	0	0	1	0	0	0	1	2	1
chr19_20585228	1	1	0	0	0	0	1	0.962000012398	0	1	0	0	0	0	1	0.8939999789	1	0	1
chr19_22037194	0	0	0	1	0	0	1	0	1	0.944000005722	0	0	0	0	0	0	0	0	0
chr19_22210546	0	0	0	1	0	0	0	0	1	1	0.00600000005215	1	0	0	0	0	0	0	1
chr19_22486833	1.44400000572	2	2	2	2	0	2	1.9990000258	2	2	2	2	2	2	2	1	1	2	2
chr19_22601895	0	1	0	0	1.00200002594	0	0	0	1	0	0	0	0	0	0	0.00300000002608	1	2	1
chr19_22824696	0	0	0	0	0	1	0	1	0	0	1	0	0	0	1	0	0	0	0
chr19_23028720	0	0	0	1	0	0	0	1	0	0	1	0	1	0	1	0	0	0	0
chr19_36896606	0	1	0	0	0	0	1	0	1	0	1.08000001311	1	0	1	1	0	0	0.00200000009499	1
chr19_39735006	1	2	2	1	2	2	2	2	0	1	1.76700003445	1	2	2	2	2	2	2	2
chr19_39752392	1	0	0	0	1	1	0	1	0	0	0	0	0	0	1	2	0	0	0
chr19_40723614	1	0	0	0	0	0	1	0	1	1	1	0	1	1	0	0	0	1	1
chr19_43099416	1	2	1	1	0	0	1	0	0	0.236000003293	0.850000023842	1	0	0	0.0270000007004	0.0540000014007	1	0.796000003815	0
chr19_45427408	0	0	0	0	0	1	0	1	1	0	0	1	1	0	2	1.27900004387	0	0	1.01799999177
chr19_46637645	0	0	0	0	1	1	1	0.995999991894	0	0	0.0109999999404	1	1	0	0.00200000009499	0	0	0.138999998569	0
chr19_46778905	1	0	0	2	1	0.750999987125	1	1.00100001297	1	1	0.0989999994636	2	0	0	1.9480000287300001	1.00199999195	1	0.875	1
chr19_48159862	1	0	0	0	1	0	0	0.998000025749	0	1	0	2	1	0	1.58499994874	1	0	0	1
chr19_49673529	2	2	1	1	2	2	0.816999971867	1.99699995806	1	2	0.999000012875	1	1	2	1.98199998587	1.97699999623	1	1	0
chr19_50676548	0	0	1	2	0	1	1	1.00099997921	0	0	0	0	1	0	1	0	1	0.0560000017285	1
chr19_57267894	0	0	1	0	0	0	1	0.0289999991655	2	0	0.759000003338	1	1	0	1	0.305000003194	0	0	0
chr2_10487934	0	0	1	2	0	1	0	0.054999999702	0	0	0.877000025939	2	2	1	0	1.43200004101	1	0.312000002479	0
chr2_20052246	1	1	0	0	1	0	1	0	1	1	1	2	1	0	0	0	0	1	0
chr2_26734869	2	2	2	1	2	2	2	1	2	1	1	0	2	2	0	2	2	1.73299995065	2
chr2_27499549	1	1	0	0	1	1	0	1	1	2	0	2	0	1	1	0	2	1	1
chr2_30250656	1	1	2	0	0	1	0	0	1	0	1	0	1	1	1.00100001297	0	1	0	0
chr2_68838356	1	0	1	1	1	0	1	2	1	0	1	1	1	1	0	0	1	1	0
chr2_69923083	2	2	2	1	1	1	2	1.96299999952	1	2	1.76800002158	2	2	2	1	2	2	1	2
chr2_70965133	0	0	0	1	0	0	1	0.00800000037998	0	0	0.0120000001043	0	2	0	0.0010000000475	0	0	0	0
chr2_75758449	0	0	0	0	1	1	0	0	1	1	0	1	0	1	0	0	0	1	0
chr2_85546960	1	0	0	0	0	0	0	0	0	2	0	1	0	0	0	1	1	0	0
chr2_86063195	0	1	0	2	1	0	0	1	0	0	0	1	0	1	0	0	1	0	0
chr2_88486897	1	1	0	0	0	0	1	1	0	0	1	1	0	0.384999990463	1	0	0	0.00499999988824	1
chr2_100781433	0	0	0	0	0	0	0	0	0	0	0	1	1	0	0.833000004292	0	0	0.996999979019	0
chr2_117862091	1	0	2	1	1	1	0	1	1	0	0.891000017524	1	1	2	2	2	1	1	1
chr2_119198390	2	0	0	0	0	0	1	0	0	1	0	0	1	0	0	0	2	0	0
chr2_132459894	2	0	1	0	1	0	0	0	0	0	0	0	0	0	0.0219999998808	0	0	0	0
chr2_218821030	0	0	1	0	1	1	1	0	2	0	0	1	0	0	0	0	1	0	0
chr2_219379866	0	0	1	0	1	0	0	0	0	0	1	1	0	0	0	0	0	0	0
chr2_223626069	1	0	0	0	0	1	0	0	0	1	0.865000009537	0	1	0	2	0	0	1	1
chr2_231352579	1	0	0	2	0	1	0	1	0	0	0	0	0	0	2	1	0	0	1
chr2_231911994	0	0	0	1	0	1	1	0.657999984454	0	0	0.0920000001788	0	0	0	0.172000005841	0	0	0	0
chr2_241527921	1	0	1	0	0	1	0	0	1	1	0	0	0	0	0	0	0	0.423000007868	1
chr20_9937868	0	0	0	0	0	0	0	0.972000002861	0	1	0	0	0	1	1	0.00700000021607	0	0	0
chr20_23851958	0	0	0	0	0	1	0	0	0	1	0	0	1	0	0	1	0	0	1
chr20_23869525	0	0	0	0	0	1	0	0	1	1	0	1	0	0	0	1	0	0	1
chr20_25045657	0	0	0	0	0	2	0	0.944000005722	1	0.0869999974966	0	0	0	1	0	0	0	0	0
chr20_33651662	1	2	2	1	0	2	2	2	2	2	2	2	1	2	2	2	2	1	2
chr20_44742051	0	0	1	1	1	1	0	1	1	0	1	0	1	1	1	0	0	1	0
chr20_44961759	0	1	0	0	0	0	1	0	0	0	0.791000019759	0	1	0	1.00500000454	0	0	0.0890000015497	0
chr20_54182798	0	0	0	0	1	0	0	0.944999992847	1	1	0.81099998951	1	1	0	0	0	0	0.978999972343	0
chr20_63693760	0	0	1	1	0	0	0	0	1	0	0	0	0	0	0.986999988556	1	0	0	0
chr20_64017619	1	0	0	2	1	1	1	1	1	1	0.472999989986	1	2	1	2	1	1	1	2
chr22_24459115	0	1	0	0	0	1	0	0	0	0	0	0	0	1	0	1	0	0	0
chr22_31628417	0	0	0	0	0	0	0	1	0	0	2	0	0	0	0	1	0	0	0
chr22_35605522	1	1	2	2	2	1	2	2	2	1	2	2	2	1	2	1	1	1	1
chr22_37563505	0.0949999988079	1.00200002594	0	0	0	0	1	0.33599999547	0	0	0.47300000116200003	0	1	0	0	1.00000002584	0	1.8069999665	0
chr22_37585856	0	0	1	1	1	1	1	1	0	1	0	1	1	1	2	2	0	1	2
chr22_38477289	0	0	1	0	1	1	0	1	0	1	0	0	0	0	0.0010000000475	0	0	0.00600000005215	0
chr22_40701486	0	1	1	0	0	0	0	0	0	0	0	0	1	0	1	1	0	1	1
chr22_43853898	0	0	0	0	1	0	0	0	0	0	0	0	1	1	0	0	0	1	0
chr22_45327584	1	2	2	1	1.99000001885	2	2	2	2	2	2	2	2	2	2	2	2	1	1
chr22_45935243	0	0	1	0	0	0	0	0.171000003815	2	1	0	0	1	0	0	0.0450000017881	0	0	0
chr22_50487342	0	0	0	0	0	0	0.980000019073	0.999000012875	1	0	0	0	1	1	0	1.52100002766	1	1	0
chr3_13505946	1	0	2	0	0	1	2	0.0900000035763	1	1	0	1	0	0	0	1	1	0.00499999988824	0
chr3_14913166	1	1	1	1	1.00299997907	2	1	2	2	2	2	1	2	2	2	0.998000025749	2	2	2
chr3_30849418	0	0	0	0	0	0	0	0	2	1	0	0	0	2	1	0	0	1	0
chr3_40441316	0	0	0	0	0	1	0	0	1	0	0	1	0	0	1.01000000909	0	0	1	0
chr3_46747779	1	0	1	0	0	0	0	0.527999997139	0	0	0	1	0	1	0	1	0	1	0
chr3_48606215	0	0	1	0	0	1	1	0	0	1	0	0	1	1	1	0	0	0	0
chr3_67040444	0	2	1	0	0	0	0	0	0	0	0.0010000000475	0	0	0	0	0.105999998748	1	0	0
chr3_72849402	0	0	0	0	0	0	0	0	1	0	1	0.00600000005215	0	0	0	0	1	1	0
chr3_111758789	1	1	2	2	1	2	2	1	2	2	0	2	2	1	1	0	1	1	1
chr3_113035740	0	0	0	0	0	0	0	0	0	0	1	1	1	0	0.842000007629	1	1	0	0
chr3_119176312	2	1	0.746999979019	1	1	0	1	0.0920000001788	0	0	0.00200000009499	2	1.99800005159	0.261000007391	1.00200002594	1	0	0.51599997282	1
chr3_130517275	2	1	2	1	2	2	2	1.9800000377	1	2	0	1	1	2	1.99800005159	1	1	1.05499999225	2
chr3_133787283	1	0	0	1	0	0	0	0	0	0	0	0	0	0	0	1	0	1	0
chr3_138146484	1	1	1	2	0	1	1	1.59500005841	1	2	2	2	0	1	0	0	0	2	1
chr3_150736184	0	0	0	0	0	0	0	0.21099999547	0	0	0.675999999046	0	2	1	0	0.054999999702	0	0	0
chr3_157426472	0	0	0	0	1	0	0	0	0	1	0.0230000000447	0	1	0	0.0230000000447	1	0.00300000002608	0	0
chr3_160401737	1	1	0	1	1	1	2	1	1	2	2	2	2	2	2	2	1	1	2
chr3_178240986	2	2	1	1	1	2	0	2	2	2	2	2	1	1	1	0	1	2	2
chr3_190482734	1	0	1	1	1	1	1	1	0	1	0	1	0	0	0.971000015736	0	0	0	0
chr3_195766191	1	1	0	1	1	1	2	1.98199998587	1	1	1.98199998587	2	1	0	1.95300001651	1.81499999762	1	1.99699995806	1
chr3_196981304	1	2	0	1	1	0	1	2	1	2	1.24900001287	0.999000012875	1	1	1	1.29099997878	0	2	1
chr3_197540439	2	1	1	2	2	1	2	1.03900002688	2	1	1	1	1	0	2	1.00200002594	2	0.490999996662	1
chr4_332094	1	0	1	1	1	2	0.00800000037998	1	2	0	1.91000005603	1	0.00600000005215	0	1	1	0	0	1.99800005159
chr4_1006662	2	2	2	1	1.99800005159	2	2	1.99500000942	2	1	1.95399999246	1	2	2	1.99500000942	1.51399999857	1	1.9990000258	1
chr4_1220724	0	0	0	0	0	0	0	0	1	0	0	0	1	0	0	0	0	2	0
chr4_2801098	1	0	1	1	1	0	1	0.0010000000475	1	1	0	0	0	1	0	0	0	0.633000016212	1
chr4_7919281	0	0	0	0	0	0	1	1	0	0	2	0	0	1	0	0	1	2	0
chr4_8574868	1	0	0	1	1	0	1	0.863999990746	0	1	0	1	1	1	1	0.919000029564	0	1.98400005512	1
chr4_44682438	2	2	1	0	2	2	2	1	2	2	1.99199996796	2	2	2	2	2	2	1	2
chr4_46994453	0	0	0.300999999046	0	0	1	1	0	0	0	0	0	0	0	0.566999971867	1	0	1.51599994302	1
chr4_56407405	0	0	0	0	1	1	1	0	0	0	0	1	0	0	0	0	1	0	0
chr4_99821451	2	2	0	2	2	2	1	1	2	2	2	0	1	2	1	2	2	2	2
chr4_102410014	0	2	2	0	2	1	2	0.984000019263	2	2	1.90799998492	2	1	2	1.59600004554	1.99800005159	2	0.523000001907	1
chr4_105557445	1	0	0	0	0.00200000009499	0	0	0.98400002718	0	0	0	0	0	0	0.998000025749	0.753000020981	0	0	2
chr4_119279666	0	0	2	0	0	1	0	0	0	0	0	1	0	0	0	0	0	0	0
chr4_128829990	0	0	0	1	0	1	0	2	0	0	0	0	1	0	0	0	0	0	0
chr4_140539399	2	0	0	0	0	0	1	1.00299997907	1	0	1	1	0	0	0	0	0	0	1
chr4_151059269	1	0	0	0	0	0	0	1	1	0	1.58200004697	1	1	0	0.263999998569	0	0	0	1
chr4_154470289	1	1	1	1	1	1	1	1	2	1	0.212999999523	2	2	2	0	1	1	0.419999986887	0
chr4_154621774	0	1	1	0	1	1	0	0.0299999993294	0	0	0.126000002027	0	0	1	1	0	2	0.579999983311	0
chr4_156976632	0	0	1	0	0	0	0	0	0.244000002742	0	0	0	0	0	2	0	1	0	0
chr4_186191475	1	1	1	1	2	0	0	1.00299997907	1	2	0.776000007056	0	1	1	0	2	1	1.1630000174	2
chr4_186257319	0	1	0	0	1	1	0	0.998000025749	0	0	1	2	0	0	0	1	0	0.925000011921	1
chr5_6399673	0	0	1	1	0	0	0	0	0	0	0	0	0	0	0	0	1	1	1
chr5_7804297	0	0	2	0	0	1	0	0	0	0	0	0	1	0	1	1	0	0	0
chr5_31488407	1	0	1	0	0	0	1	1	0	0	1.99199996796	0	0	0	0	1	0	0	0
chr5_31520127	1	1	2	1	1	1	1	0	0	1	1.01100002229	2	1	1	1	0	1	0.999000012875	1
chr5_33993061	0	0	0	0	0	0	0	0	1	1	0.206000000238	0	0	0	1	0.00300000002608	1	1	2
chr5_34010407	1	0	1	0	0	0	0	0	0	0	1	0	0	1	0	0	0	0	0
chr5_35055386	0	1	0	0	1	2	1	0	2	1	0	0	0	0	0	0	1	0	1
chr5_35608837	0	0	0	1	0	0	0	0	0	0	0.134000003338	1	0	0	0	1	0	1	0
chr5_37841424	0	0	0	0	0	2	0	0	0	0	0.584999978542	0	0	0	0	0.981999993324	1	0	0
chr5_40954525	0	1	1	0	0	0	0	0.808000028133	0	1	0	0	0	1	0	0	0	0	0
chr5_79108968	0	1	1	0	0	0	0	0	0	0	0	0	0	1	0	0	0	1	0
chr5_80028891	1	2	0	2	1	2	1	1	1	1	2	2	2	2	2	2	1	1	2
chr5_115651690	2	1	2	1	2	1	1	1	1	1	2	2	1	2	1.20800000429	2	2	0	2
chr5_132802132	1	1	0	0	0	0	0	0	1	0	0	1	0	0	0	0.0419999994338	0	0	0
chr5_138579882	2	2	2	2	2	1	1	2	2	2	2	2	1	2	2	1	2	2	2
chr5_141468648	0	1	0.0120000001043	0	1	1	0	0	0	0	1	1	0	0	1	0	0	0	0
chr5_157009184	0	1	0	0	0	0	0	0	0	1	0.365999992704	0	0	0	0	0	0	2	0
chr5_157014062	0	0	1	0	1	2	0	0	2	0	0.27500000596	0	0	1	0	0.307000011206	2	0	1
chr5_160453051	1	0	0	0	0	0	0	0	0	0	0	1	0	0	0	0	0	1	1
chr5_170792674	1	1	1	2	1	2	1	1.98600000329	2	1	1	1	0	1	1.00299997907	0	1	0	0
chr5_174688147	1	1	0	1	1	1	1	0.0149999996647	1	0	0.00200000009499	2	0	1	0.444000005722	0.097999997437	0	0	0
chr5_175408084	1	2	1	1	2	1	2	2	2	2	0.00499999988824	2	2	1	0.963999986649	1	2	2	1
chr5_177805604	2	0.0579999983311	0	0.00499999988824	0.0010000000475	0	0	0.686999991536	0	0	0.891000002623	0	0.998999970965	0	0.995000004768	0.236000001431	0	0.992999970913	0
chr6_6036812	1	1	1	1	1	0	0	0	1	2	0.998000025749	1	1	1	0	1	1	0	1
chr6_7602164	0	0	0	1	0	0	0	0	1	0	0	1	0	0	0	0	1	0	0
chr6_18313559	0	1	1	0	1	1	0	1	0	0	0	0	0	1	0	0	1	0	0
chr6_20527886	1	0	2	0	1	0	0	1	0	0	0	0	0	0	0	0	0	0	1
chr6_29973840	0	1	0	2	1	0	1	1.9789999444	0.971000015736	2	0	1	1	0	0	1	1.79400005937	0	0
chr6_35192862	1	2	2	1	2	0	2	1	0	2	0	2	2	1	1	2	0	2	2
chr6_36844454	1	1	1	0.0379999987781	0	0	0	0	0	1	0.0469999983907	1	0	0	0	0	0	0	1
chr6_38707754	1	1	1	1	0	1	1	0.0240000002086	0	1.00500000454	1.36100000143	2	0	2	0	0.0140000004321	0	1.99800005159	1
chr6_39745802	0	0	0	0	1	1	0	0.00200000009499	0	0	0	1	0	0	1	0	1	0	0
chr6_42698323	1	1	2	1	2	0	2	1	1	1	2	2	2	2	1	2	2	2	2
chr6_46158545	1	2	1	1	0	0	0	0	1	0	1	1	1	0	0	0	0	0	1
chr6_49491569	1	2	1	0	1	2	1	1	1	1	0.166999995708	2	2	2	0.995999991894	2	2	2	2
chr6_50812065	0	1	0	0	1	0	1	0	2	0	0	0	0	0	0	0	0	0	0
chr6_52731777	0	1	1	1	0	2	1	0	2	0	0.962000004482	0.432999998331	2	2	2	1.99800005159	1	0	2
chr6_52879764	1	1	0	0	2	0	0	1	0	1	0.333000004292	0.981999993324	1	0	0	0	0	2	0
chr6_52893856	0	0	0	2	0	0	0	0	0	0	1.00100000948	0	0	1	0	0	0	0	0
chr6_54281792	0	0	0	0	0	0	0	0	1	1	0	0	0	0	0	0	1	0	1
chr6_68635070	0	0	0	0	1	0	1	1.00899999589	0	0	0	0	0	0	1	0.0240000002086	0	0	1
chr6_73319673	1	2	2	2	2	2	1.97699999623	2	1	1	1.99400003534	1	2	1	2	1.99199996796	2	1	2
chr6_83670773	0	1	0	1	0	0	0	1	0	1	0.0670000016689	2	1	2	0	0	1	0	0
chr6_107463315	0	2	1	2	1	1	2	0	2	1	1.87599997222	2	2	2	1	1	2	1	1
chr6_110153288	0	0	0	0	1	0	0	0	0	1	0.0179999992251	1	0	0	2	0	2	0	1
chr6_110220663	0	0	0	0	0	0	0	0	1	1	0	1	0	0	1	0	0	0.0839999988675	1
chr6_127117712	0	0	0	0	0.0219999998808	0	1	0	1	0	0	0	1	2	0	0	1	0	0
chr6_134976524	0	0	0	0	1	0	1	0	0	2	0	2	0	0	0.992999970913	1	0	0.991999983788	0
chr6_134988317	0	0	1	0	0	1	0	1	0	0	0	0	2	1	0.00600000005215	0	0	0.00800000037998	0
chr6_139278990	2	1	0	2	0	0	1	0.519000008702	1	1	0.0130000002682	0	0	1	1	0.999000012875	1	0.986000001431	0
chr6_170568587	2	2	0	2	0	1	0	2	1	2	2	2	1	1	2	2	1.79699997604	1	0
chr7_1121949	0	0	0	0	1	0	0	0	0	0	0	0	0	0	1	2	1	0	0
chr7_1264646	0	1	2	0	1	2	1	1.21399998665	0	0	0.291000004625	0	1	2	1	0.0850000008941	0	0.0690000017639	1
chr7_4820958	0	0	0	0	0	0	0	0.996999979019	0	0	0	1	0	0	0	1	0	1.59800004959	1
chr7_6693289	0	1	0	0	0	0	0	0	0	1	0	0	1	1	0	0.718999966979	2	0	0.0010000000475
chr7_16883114	0	0	1.01100002229	2	0.486000008881	1	1	0.159999996424	1	0	0	0	0	1	0	1	0	1.03900002688	0
chr7_45911631	1	1	2	1	1	1	0	0.241000004113	1	0	1	1	1	1	0.0219999998808	1.91699998826	0	1.98900004476	0.999000012875
chr7_74214793	0	1	0	0	0	0	0	1.02699997276	1	1	0.00499999988824	1	0	0	0.00400000018999	1.49700003862	0	0	1
chr7_81799630	2	2	2	1	1	0	1	2	2	2	0.999000022188	2	1	2	0	2	1	1	2
chr7_87261524	0	0	1	1	1	0	1	0	0	0	0	0	0	0	0	0	0	0.0010000000475	0
chr7_90478000	0	0	1	1	2	0	1	0	0	1	0	1	0	1	0	0	0	0	0
chr7_97703198	2	0	1	2	1	2	2	2	2	2	0	1	1	1	2	1	1	2	0
chr7_101154993	1	1	0	1	2	2	0.0010000000475	0	2	1	2	1	1	2	1	2	2	0	1
chr7_107423679	2	2	2	0	2	1	0	1	0	1	0.514999985695	1	1	2	0	2	1	1	1
chr7_129233838	1	1	2	1	1	2	1	1	2	0	0.804000020027	1	0	0	2	1	0	1	1
chr7_129398440	2	2	0	2	1	0	1	1	1	2	2	2	2	2	0	1	1	1	1
chr7_130393715	1	1	0	0	0	1	0	0	0	0	1.19900000095	0	0	0	0	1	0	0.0480000004172	0
chr7_150794763	0	0	2	0	0	0	1	0.943000018597	1	0	0.00400000018999	1	2	0	0.995999991894	0.00300000002608	0	0	0
chr7_151216766	0	1	0	0	0	1	0	0.00300000002608	0	0	1	2	0	0	1	0	0	0.0260000005364	0
chr7_156909247	0	0	2	2	0	1	0	2	2	1	1	1	0	1	1	2	1	0	0
chr7_157031259	2	2	1	1	2	1	2	1.96799999103	0	1	0.721999994945	2	1	2	2	0.998000025749	2	2	2
chr8_8657855	2	2	2	1	2	2	1	2	1	2	1	2	2	1	1	2	2	1	2
chr8_11496598	2	2	2	2	1	1	1	2	2	2	1	2	2	1	2	1	2	2	2
chr8_16575717	0	1	0	0	1	1	0	0	2	0	1.00100001297	0	0	1	1	0	1	0	0
chr8_19296271	0	0	0	0	0	1	0	0	0	1	0.0010000000475	1	1	1	0	1	0	1	1
chr8_20326828	2	2	2	2	1	2	2	1	2	0.0930000022054	2	2	0	2	2	2	2	2	2
chr8_26487897	1	0	0	0	0	2	0	1	0	2	0	0	1	0	1	1	1	1	1
chr8_37963204	0	0	0	0	0	1	1	0	0	0	0.523000019602	0	1	0	1	0	0	1	0
chr8_56488498	0	1	0	0	0	0	1	0	0	1	0	0	1	0	0	1	2	0	0
chr8_66178095	1	1	1	0	2	1	0	0	2	0	1	1	0	1	0	0	1	0.90499997139	1
chr8_94264511	2	1	0	1	1	1	1	1	0	0	0	1	1	0	2	0	1	0	0
chr8_96147574	0	1	0	0	0	1	0	0.287000000477	0	0	0	0	0	0	1	1	1	0	0
chr8_122826136	0	0	1	0	1	0	1	0	0	0	0.932000025176	1	1	0	1	1	0	0.0010000000475	0
chr8_138868290	2	0	2	1	2	1	2	1.82499997318	2	0	1.99800005159	1	1.9990000258	1	0	0.995000004768	0	1.9990000258	0
chr8_143282959	0	0.972999989986	0	0	1	0	0	0	0	1	0.0010000000475	0	0	0	0.0430000014603	0	1	0.0130000002682	0
chr9_21997724	1	0	1	0	1	1	0	0	0	0	0	0	0	0	1	1	0	0	0
chr9_26871560	0	0	0	0	1	0	0	0	0	1	1	2	1	1	0	0	0	0	0
chr9_32811621	0	0	0	0	0	0	0.855000019073	0	0	1	1	0	0	1	0	0	0	0	0
chr9_35824720	0	0	0	1	0	0	0	1	0	0	1	1	0	1	1	0	2	0	0
chr9_73085188	0	0	0	0	0	1	0	0	0	0	0	0	0	0	1	0	1	0	1
chr9_84326528	2	0	0	0	0	0	0	1.00199999195	0	0	0.435999998823	0	1	0	1	1.04100000858	0	1.00399999227	0
chr9_98149229	2	1	1	1	0	0	1	1	1	0	0	1	0	0	1	0	0	1	1
chr9_122382662	0	0	1	1	0	0	0	0	0	1	2	0	0	0	0	0	1	0	0
